Date,City,Country,Latitude,Longitude,MaxTemp,Humidity,Cloud Cover,Wind Speed
1547358384,Atuona,PF,-9.8,-139.03,81.11,100,48,15.7
1547356800,Saint George,GR,39.45,22.34,32.0,55,20,8.05
1547358387,Busselton,AU,-33.64,115.35,74.9,80,0,17.0
1547355600,Pisco,PE,-13.71,-76.2,71.6,88,0,10.29
1547358758,Qandala,SO,11.47,49.87,71.57,77,0,3.8
1547358759,Puerto Cabezas,NI,14.04,-83.39,74.72,100,80,10.4
1547358759,Gambo,NG,11.96,9.63,56.18,63,8,5.82
1547358759,Cherskiy,RU,68.75,161.3,-20.5,60,32,1.5
1547358760,Isabela,PH,10.2,122.99,81.47,72,56,4.74
1547358760,Kavieng,PG,-2.57,150.8,82.19,100,76,11.86
1547358413,Chuy,UY,-33.69,-53.46,68.87,96,64,10.63
1547358387,Jamestown,AU,-33.21,138.6,92.99,24,0,6.64
1547354400,Cabo San Lucas,MX,22.89,-109.91,64.4,72,5,3.36
1547355600,Bredasdorp,ZA,-34.53,20.04,69.8,52,44,6.93
1547355600,Punta Arenas,CL,-53.16,-70.91,46.4,65,75,27.51
1547358394,Butaritari,KI,3.07,172.79,83.63,100,44,10.33
1547355600,Pitimbu,BR,-7.47,-34.81,73.4,100,0,6.93
1547358761,Vengerovo,RU,55.68,76.74,-0.16,77,56,13.87
1547358762,Santa Isabel do Rio Negro,BR,-0.41,-65.02,78.59,80,32,2.73
1547358407,Qaanaaq,GL,77.48,-69.36,-24.64,100,0,9.89
1547355600,Cape Town,ZA,-33.93,18.42,64.4,88,40,10.29
1547355600,Maceio,BR,-9.67,-35.74,73.4,88,40,2.24
1547355180,Homer,US,59.64,-151.54,26.06,84,90,10.29
1547358386,Rikitea,PF,-23.12,-134.97,79.49,99,80,15.21
1547358763,Luwuk,ID,-0.95,122.79,87.05,79,12,2.51
1547358409,Puerto Ayora,EC,-0.74,-90.35,75.53,100,36,7.31
1547358763,Tiksi,RU,71.64,128.87,-31.84,55,20,3.36
1547358406,Bluff,AU,-23.58,149.07,94.43,34,0,12.3
1547355600,La Ronge,CA,55.1,-105.3,17.6,85,40,5.82
1547355600,Gat,SN,14.69,-16.54,66.2,82,0,13.87
1547355600,Mao,DO,19.55,-71.08,69.8,100,20,6.31
1547358473,Pevek,RU,69.7,170.27,-23.92,72,0,6.15
1547355600,Veraval,FR,49.65,0.71,50.0,93,90,11.41
1547358302,Nanortalik,GL,60.14,-45.24,31.52,94,92,9.44
1547358765,Bolshaya Martynovka,RU,47.27,41.67,19.82,84,12,4.52
1547355600,Ushuaia,AR,-54.81,-68.31,44.6,70,40,33.33
1547358458,Mehamn,NO,71.03,27.85,29.18,88,80,9.78
1547355600,Vila Velha,BR,-3.71,-38.6,78.8,88,75,3.36
1547358766,Dolgorukovo,RU,52.32,38.35,18.83,90,76,12.08
1547355600,Castro,CL,-42.48,-73.76,42.8,100,0,6.93
1547355600,Katsuura,JP,33.93,134.5,50.0,79,20,12.75
1547358268,Arraial do Cabo,BR,-22.97,-42.02,75.62,93,12,11.18
1547355600,Yellowknife,CA,62.45,-114.38,-18.41,75,5,10.29
1547357400,Nhulunbuy,AU,-12.18,136.78,86.0,74,75,11.41
1547357940,Juneau,US,58.3,-134.42,35.6,95,90,2.51
1547358471,Tilichiki,RU,60.47,166.1,-16.36,47,0,2.91
1547358402,Dikson,RU,73.51,80.55,-12.04,100,64,31.43
1547357640,Kapaa,US,22.08,-159.32,73.04,78,40,3.36
1547358471,Faanui,PF,-16.48,-151.75,83.54,100,80,20.62
1547355600,Torbay,CA,47.66,-52.73,23.0,85,75,12.75
1547355600,Comodoro Rivadavia,AR,-45.87,-67.48,64.4,27,0,9.17
1547355600,Barcelona,ES,41.38,2.18,39.2,80,0,10.29
1547358770,Piacabucu,BR,-10.41,-36.43,73.82,100,92,5.82
1547358137,Deputatskiy,RU,69.3,139.9,-32.38,54,48,2.8
1547358412,Kaitangata,NZ,-46.28,169.85,54.56,100,92,4.59
1547358770,Balsas,BR,-7.53,-46.04,71.21,94,20,5.93
1547358771,Sijunjung,ID,-0.69,100.95,76.88,92,80,0.6
1547356620,Albany,US,42.65,-73.75,15.98,53,75,5.82
1547358771,Luderitz,NA,-26.65,15.16,61.67,90,8,3.58
1547358772,Kipushi,CD,-11.76,27.24,63.92,100,92,9.44
1547358497,Pangody,RU,65.85,74.49,-1.6,81,56,21.74
1547355600,Port Hardy,CA,50.7,-127.42,46.4,87,90,16.11
1547358772,Buala,SB,-8.15,159.59,85.25,81,0,9.95
1547355600,Tuktoyaktuk,CA,69.44,-133.03,-32.81,66,5,4.7
1547355600,Bambous Virieux,MU,-20.34,57.76,84.2,66,40,11.41
1547355600,Hobart,AU,-42.88,147.33,71.6,40,0,18.34
1547355600,Palmas,BR,-10.18,-48.33,75.2,100,40,2.24
1547355600,Lebu,ET,8.96,38.73,51.8,34,0,2.24
1547358407,Tura,IN,25.52,90.21,70.58,64,0,4.74
1547358774,Bolshaya Sosnova,RU,57.67,54.6,24.5,95,80,11.41
1547355000,Ilulissat,GL,69.22,-51.1,-7.61,48,56,3.36
1547355600,New Norfolk,AU,-42.78,147.06,71.6,40,0,18.34
1547358775,Sabalgarh,IN,26.25,77.41,68.51,62,0,4.85
1547358776,Arawa,NG,7.05,3.9,70.67,94,8,2.28
1547355000,Qaqortoq,GL,60.72,-46.03,32.0,95,88,10.29
1547358776,Zaozerne,UA,51.37,23.94,32.6,96,88,12.35
1547358776,Pangoa,PE,-12.12,-73.0,63.38,96,88,2.06
1547357880,Kodiak,US,39.95,-94.76,32.0,92,90,13.87
1547358777,Krasnyy Yar,RU,50.7,44.73,14.33,88,88,11.3
1547355600,San Cristobal,EC,-0.39,-78.55,55.4,100,90,1.12
1547358777,Nioro,GM,13.79,-15.05,62.12,55,8,5.41
1547358449,Oranjemund,ZA,-28.55,16.43,65.18,92,92,7.43
1547355600,Codrington,AU,-28.95,153.24,87.8,45,0,12.75
1547355000,Tasiilaq,GL,65.61,-37.64,17.6,67,64,8.05
1547358778,Bahia Honda,CU,22.9,-83.16,64.91,88,0,3.06
1547358400,Hithadhoo,MV,-0.6,73.08,81.47,100,24,6.6
1547358779,Ikom,NG,5.96,8.72,66.53,89,8,2.35
1547355600,Havre-Saint-Pierre,CA,50.23,-63.6,15.8,66,90,9.17
1547355600,Rabo de Peixe,PT,37.8,-25.58,59.0,67,75,9.17
1547355600,Fort Nelson,CA,58.81,-122.69,-2.21,77,75,9.17
1547358780,Aksha,RU,50.28,113.29,9.11,51,64,4.07
1547358292,Ponta do Sol,BR,-20.63,-46.0,63.2,99,92,1.05
1547355600,Aklavik,CA,68.22,-135.01,-34.61,65,5,2.24
1547355600,Yulara,AU,-25.24,130.99,109.4,8,0,14.99
1547358434,Kommunisticheskiy,RU,61.68,64.48,12.62,83,76,9.4
1547355600,Esperance,TT,10.24,-61.45,73.4,83,20,4.92
1547357400,Nara,JP,34.68,135.8,53.6,53,20,6.93
1547358284,Yar-Sale,RU,66.83,70.83,3.8,90,80,21.41
1547355000,Soe,EE,57.91,26.05,28.4,100,56,4.7
1547358782,Ashti,IN,18.8,75.17,75.53,59,0,7.87
1547355300,Orbetello,IT,42.44,11.21,30.2,92,40,8.05
1547358242,Mataura,NZ,-46.19,168.86,55.37,91,88,4.63
1547355480,Fairbanks,US,64.84,-147.72,-14.08,72,75,4.14
1547355600,Georgetown,GY,6.8,-58.16,71.6,100,20,4.7
1547358476,Khatanga,RU,71.98,102.47,-31.93,56,36,3.06
1547358783,Yining,CN,29.04,114.56,48.44,81,88,3.36
1547358466,Leningradskiy,RU,69.38,178.42,-18.07,100,20,8.43
1547358468,Ostrovnoy,RU,68.05,39.51,18.92,100,76,12.3
1547355600,Grand Gaube,MU,-20.01,57.66,84.2,66,40,11.41
1547358784,Tevaitoa,PF,-16.78,-151.5,81.92,100,88,18.34
1547357400,Popova,RS,43.33,21.27,28.4,100,75,1.12
1547355600,Nsukka,NG,6.86,7.39,71.6,88,8,3.02
1547358387,Hermanus,ZA,-34.42,19.24,63.2,74,12,9.95
1547358785,Misratah,LY,32.38,15.09,53.21,100,92,20.36
1547358397,Ribeira Grande,PT,38.52,-28.7,62.12,98,44,20.69
1547355480,Sonoita,US,31.68,-110.66,51.98,67,1,8.05
1547358787,Naze,NG,5.43,7.07,71.03,90,12,4.14
1547358496,Batagay-Alyta,RU,67.8,130.41,-36.52,66,24,2.62
1547358787,Mocorito,MX,25.48,-107.92,55.55,91,0,3.74
1547355180,Hilo,US,19.71,-155.08,71.06,81,75,5.82
1547358788,Muzhi,RU,65.4,64.7,4.88,76,48,12.86
1547358788,Suluq,LY,31.67,20.25,50.15,77,44,17.16
1547358420,Carnarvon,ZA,-30.97,22.13,56.72,86,56,7.83
1547358429,Cidreira,BR,-30.17,-50.22,72.92,92,24,10.96
1547355000,Coleraine,GB,55.13,-6.67,50.0,87,90,18.34
1547358432,Guerrero Negro,MX,27.97,-114.04,56.0,100,88,4.74
1547358395,Port Alfred,ZA,-33.59,26.89,69.32,84,0,8.55
1547355600,Mahebourg,MU,-20.41,57.7,84.2,66,40,11.41
1547358790,Machacamarca,BO,-17.45,-67.6,39.98,100,68,3.62
1547358790,Pueblo Nuevo,MX,23.99,-106.96,60.59,75,0,2.91
1547358489,Flinders,AU,-34.58,150.85,75.17,77,48,6.31
1547357940,Tautira,PF,-17.73,-149.15,82.4,74,90,14.99
1547357700,Harper,US,30.3,-99.24,38.48,87,1,4.7
1547358791,Gobabis,NA,-22.45,18.97,65.72,25,0,11.18
1547358791,Gasa,BT,27.91,89.73,12.8,85,0,3.85
1547358464,Kavaratti,IN,10.57,72.64,81.92,100,0,10.85
1547355600,Mitsamiouli,KM,-11.38,43.28,82.4,78,20,3.36
1547358632,Kirovskiy,RU,45.09,133.51,24.5,65,0,1.05
1547355600,Abadan,IR,30.36,48.26,53.6,66,90,4.7
1547356860,Port Elizabeth,US,39.31,-74.98,26.96,92,90,3.51
1547355600,Portmore,JM,17.97,-76.87,77.0,65,20,5.82
1547356140,Searcy,US,35.25,-91.74,42.98,92,90,6.93
1547356800,Redcar,GB,54.62,-1.06,51.8,87,75,24.16
1547355600,Alofi,NU,-19.06,-169.92,82.4,78,88,13.87
1547358428,Udachnyy,RU,66.42,112.4,-33.37,57,12,2.39
1547357700,Eureka,US,40.8,-124.16,48.92,100,1,5.82
1547358794,Khandyga,RU,62.65,135.58,-42.19,98,12,2.73
1547355600,Nikolskoye,RU,59.7,30.79,23.0,85,20,8.95
1547357400,Port Hedland,AU,-20.31,118.58,98.6,53,0,18.34
1547358433,Sur,OM,22.57,59.53,72.02,100,0,3.91
1547358795,Zhangye,CN,38.94,100.46,27.47,84,0,4.74
1547358259,Berlevag,NO,70.86,29.09,27.92,100,88,3.91
1547355600,Antofagasta,CL,-23.65,-70.4,64.4,82,75,10.29
1547358796,Vysokogornyy,RU,50.1,139.13,0.65,68,12,2.28
1547355600,Lagoa,PT,37.14,-8.45,48.2,49,0,8.05
1547358511,Santa Maria,BR,-29.69,-53.81,68.33,98,0,5.03
1547358797,Sorong,ID,-0.86,131.25,83.63,100,20,9.4
1547358797,Kifri,IQ,34.69,44.96,47.54,60,92,9.66
1547358405,Severo-Kurilsk,RU,50.68,156.12,32.15,97,32,15.59
1547355360,Kahului,US,20.89,-156.47,73.94,76,90,4.14
1547358798,Changde,CN,29.04,111.68,43.67,100,92,4.36
1547358798,Kapchorwa,UG,1.4,34.45,68.33,64,0,1.23
1547358798,Verkhnevilyuysk,RU,63.45,120.31,-14.2,65,56,3.91
1547357400,Bratsk,RU,56.15,101.63,-9.41,69,40,13.42
1547355600,Vaini,IN,15.34,74.49,78.8,44,0,6.93
1547356500,Garden City,US,40.73,-73.63,33.08,40,90,5.75
1547358404,Chokurdakh,RU,70.62,147.9,-23.11,70,76,8.39
1547355000,Banes,CU,20.96,-75.72,71.6,88,20,5.82
1547358502,Airai,TL,-8.93,125.41,83.09,64,32,2.13
1547358800,Moyale,ET,3.52,39.05,73.91,31,0,11.79
1547358691,Manali,IN,32.25,77.19,-0.25,77,56,3.29
1547355600,East London,ZA,-33.02,27.91,73.4,69,0,10.29
1547355000,Eskisehir,TR,39.78,30.52,35.6,100,75,8.05
1547358298,Mandalgovi,MN,45.76,106.27,18.11,49,24,9.62
1547356500,Lompoc,US,34.64,-120.46,51.98,92,1,4.7
1547358590,San Joaquin,PH,10.59,122.14,84.17,68,20,14.43
1547357400,Iwade,JP,34.26,135.31,55.4,53,20,6.93
1547358262,Upernavik,GL,72.79,-56.15,-6.55,100,32,8.77
1547355600,Martapura,ID,-3.41,114.85,87.8,70,40,3.36
1547358306,Lata,IN,30.78,78.62,37.1,100,20,1.72
1547358803,Bandarbeyla,SO,9.49,50.81,77.96,98,0,18.68
1547355600,Thompson,CA,55.74,-97.86,14.0,85,90,5.82
1547355600,Mount Gambier,AU,-37.83,140.78,77.0,47,0,18.34
1547358803,Khromtau,KZ,50.26,58.44,25.04,92,88,16.71
1547355600,Touros,BR,-5.2,-35.46,77.0,88,40,3.36
1547358453,Cururupu,BR,-1.82,-44.87,74.54,98,76,2.73
1547358805,Constitucion,MX,23.99,-104.67,40.79,73,0,6.26
1547358805,Marsh Harbour,BS,26.54,-77.06,74.18,100,64,12.46
1547358805,Taoudenni,ML,22.68,-3.98,41.6,38,0,12.46
1547358503,Samarai,PG,-10.62,150.67,82.55,100,36,15.1
1547358663,Camalu,MX,30.85,-116.07,39.08,100,44,3.62
1547358499,Amahai,ID,-3.31,129.0,84.08,100,12,10.45
1547358806,Luis Correia,BR,-2.88,-41.67,72.02,97,48,3.36
1547358806,Ganzhou,CN,25.86,114.93,54.2,88,76,3.62
1547358806,Zemio,CF,5.02,25.13,71.93,86,56,2.51
1547357700,Fort Smith,US,35.39,-94.42,37.04,96,90,5.82
1547355600,Iwaki,JP,37.05,140.89,42.8,45,40,11.41
1547358460,Laguna,MX,27.52,-110.01,52.31,82,0,2.01
1547357700,Devils Lake,US,48.11,-98.87,19.04,100,90,17.22
1547358267,Provideniya,RU,64.42,-173.23,-8.17,100,20,24.76
1547355600,Amapa,HN,15.09,-87.97,71.6,94,75,3.36
1547356800,Lulea,SE,65.58,22.15,10.4,92,64,6.87
1547358808,Zakamensk,RU,50.38,103.29,5.69,49,0,9.28
1547358809,Palu,ID,-0.9,119.87,74.9,82,68,1.61
1547358809,Barrow,AR,-38.31,-60.23,63.65,97,92,5.59
1547357400,Praya,ID,-8.71,116.27,89.6,75,75,6.93
1547355600,Ancud,CL,-41.87,-73.83,42.8,100,0,6.93
1547358810,Jitauna,BR,-14.02,-39.89,70.4,89,88,2.57
1547355600,Iquique,CL,-20.22,-70.14,68.0,72,0,11.41
1547358513,Ayan,TR,40.67,33.6,30.44,97,88,3.02
1547357700,Bismarck,US,46.81,-100.78,17.96,100,90,12.75
1547357820,Pascagoula,US,30.37,-88.56,60.98,92,90,4.7
1547355600,Adrar,DZ,27.87,-0.29,33.8,47,0,10.29
1547358811,Beringovskiy,RU,63.05,179.32,-9.07,100,32,27.11
1547358811,Lipin Bor,RU,60.26,37.97,18.56,81,68,11.68
1547358812,Shangrao,CN,28.45,117.97,51.05,83,76,3.13
1547358812,Taltal,CL,-25.41,-70.49,50.78,97,0,1.34
1547358408,Ulladulla,AU,-35.36,150.48,71.93,93,92,10.56
1547358632,Ballina,IE,54.11,-9.15,48.98,94,92,19.69
1547358396,Mar del Plata,AR,-46.43,-67.52,51.86,59,0,8.05
1547358813,Monkey Bay,MW,-14.08,34.91,73.28,100,92,6.64
1547358813,Suntar,RU,62.16,117.65,-10.51,71,44,3.51
1547358813,Balaipungut,ID,1.11,101.31,83.18,92,36,3.58
1547358814,Loikaw,MM,19.67,97.21,75.53,55,20,2.51
1547358814,Lehututu,BW,-23.92,21.83,73.37,18,0,10.11
1547357400,Port Blair,IN,11.67,92.75,86.0,74,40,13.87
1547358815,Goure,NE,13.98,10.27,62.3,37,8,13.31
1547358815,Wanaka,NZ,-44.7,169.14,54.92,77,36,0.83
1547358815,Inhambane,MZ,-23.87,35.38,85.52,84,24,6.31
1547358000,Half Moon Bay,US,37.46,-122.43,57.92,87,1,8.43
1547358816,Burns Lake,CA,54.23,-125.76,28.37,97,80,1.79
1547358816,Jacareacanga,BR,-6.22,-57.76,75.62,89,0,2.06
1547355600,Avarua,CK,-21.21,-159.78,80.6,78,40,8.05
1547358817,Azua,DO,18.45,-70.73,60.23,95,12,2.62
1547355600,Sharjah,AE,25.36,55.39,71.6,64,0,2.24
1547358817,Nobeoka,JP,32.66,131.66,52.4,66,76,2.84
1547358762,Necochea,AR,-38.55,-58.74,62.3,99,92,2.35
1547358686,Rock Sound,BS,24.9,-76.2,76.7,100,68,14.99
1547355600,Souillac,FR,45.6,-0.6,48.2,93,90,5.82
1547358511,Bara,NG,10.41,10.6,61.58,45,8,7.65
1547358818,Shenjiamen,CN,29.96,122.3,48.08,100,48,15.32
1547355600,Petropavlovsk-Kamchatskiy,RU,53.05,158.65,28.4,50,48,4.47
1547358819,Pandamatenga,BW,-18.54,25.64,75.35,80,0,7.38
1547358819,Salto,UY,-31.39,-57.96,71.48,94,80,7.94
1547358819,Isangel,VU,-19.55,169.27,79.94,100,80,6.82
1547355600,Belyy Yar,RU,53.6,91.39,-4.01,76,0,2.24
1547358820,Camocim,BR,-2.9,-40.84,71.57,100,76,2.51
1547358821,Chernyshevskiy,RU,63.01,112.47,-14.92,44,44,5.41
1547358000,Brownsville,US,25.91,-97.49,60.08,96,1,14.14
1547355600,Geraldton,CA,49.72,-86.95,-16.61,75,20,3.91
1547358822,Cacoal,BR,-11.43,-61.44,72.38,96,80,1.5
1547355000,Scarborough,GB,54.28,-0.41,51.8,81,88,23.04
1547358822,Nerchinskiy Zavod,RU,51.31,119.61,1.01,66,68,3.4
1547358303,Dunedin,NZ,-45.87,170.5,52.49,100,92,7.16
1547358473,Talnakh,RU,69.49,88.39,-18.25,52,76,19.84
1547356800,Vardo,US,39.62,-77.74,30.2,92,90,4.81
1547358823,Narasannapeta,IN,18.42,84.04,81.47,54,0,4.14
1547356800,Preston,GB,53.76,-2.71,48.2,81,75,26.4
1547357400,Hasaki,JP,35.73,140.83,50.0,49,40,10.29
1547358398,Manzhouli,CN,49.6,117.43,8.03,55,44,4.59
1547356800,Bad Doberan,DE,54.11,11.9,41.0,93,75,14.99
1547358825,Boyolangu,ID,-8.09,111.9,78.59,100,20,3.24
1547355600,Port-de-Bouc,FR,43.4,4.98,46.4,87,0,23.04
1547358825,Bouar,CF,5.94,15.59,67.25,40,8,8.55
1547355600,Clyde River,CA,70.47,-68.59,-32.81,66,1,5.82
1547358826,Olinda,EC,-2.03,-79.75,72.2,100,92,3.8
1547358453,Te Anau,NZ,-45.41,167.72,57.26,54,80,5.75
1547358826,Adamovka,RU,51.52,59.94,21.08,89,92,17.16
1547355600,Victoria,BN,5.28,115.24,87.8,66,75,6.93
1547358439,Vao,EE,59.1,26.19,14.24,83,56,4.14
1547355600,Norman Wells,CA,65.28,-126.83,-34.61,73,40,4.7
1547355600,Plougastel-Daoulas,FR,48.37,-4.37,50.0,100,90,10.29
1547355360,Portland,US,45.52,-122.67,46.94,55,20,18.34
1547357700,Seguin,US,29.57,-97.96,50.0,78,1,8.88
1547358828,Vytegra,RU,61.01,36.45,14.42,81,56,11.07
1547358395,San Patricio,PY,-26.98,-56.83,73.28,96,0,3.36
1547358829,Sobolevo,RU,54.43,31.9,25.4,95,80,7.76
1547358419,Ahipara,NZ,-35.17,173.16,70.31,76,8,9.89
1547358829,Caravelas,BR,-17.73,-39.27,79.85,100,92,9.44
1547357400,Kuching,MY,1.56,110.34,84.2,79,75,6.93
1547358830,Mahibadhoo,MV,3.78,72.97,82.1,100,48,14.47
1547358458,Lorengau,PG,-2.02,147.27,83.45,99,88,14.47
1547355600,Tottori,JP,35.5,134.23,50.0,57,40,10.29
1547358830,Tayoltita,MX,24.11,-105.93,57.44,46,0,2.62
1547358831,Mitzic,GA,0.78,11.55,70.58,98,48,2.62
1547357400,Vieux-Habitants,GP,16.06,-61.77,69.8,94,75,10.56
1547358831,Paita,PE,-5.09,-81.11,71.12,83,36,7.27
1547358293,Itarema,BR,-2.92,-39.92,72.29,97,76,2.39
1547358224,Marsabit,KE,2.34,37.99,73.1,48,0,8.1
1547358832,Keffi,NG,8.85,7.88,60.5,64,8,3.74
1547355600,Yelizovo,RU,53.19,158.38,28.4,50,24,4.47
1547358472,Mizdah,LY,31.45,12.98,34.58,81,0,11.97
1547355600,Quatre Cocos,MU,-20.21,57.76,84.2,66,40,11.41
1547358834,Beidao,CN,34.57,105.89,34.4,47,68,3.8
1547358834,Coahuayana,MX,18.62,-100.35,58.07,82,32,2.57
1547355600,Ipixuna,BR,-1.76,-48.8,75.2,94,20,5.82
1547358432,Umm Kaddadah,SD,13.6,26.69,55.01,61,0,2.84
1547357400,Beira,ES,43.2,-8.36,46.4,75,0,2.24
1547358835,Sao Felix do Xingu,BR,-6.64,-51.99,70.4,100,80,1.5
1547355600,Tsuruoka,JP,38.61,139.81,39.2,69,75,5.82
1547358468,Waingapu,ID,-9.65,120.26,83.09,91,48,4.81
1547358836,Lovozero,RU,68.01,35.02,17.57,95,76,2.39
1547358836,Nova Olimpia,BR,-14.8,-57.29,72.38,92,0,2.8
1547357400,Pacific Grove,US,36.62,-121.92,51.98,87,1,4.63
1547356800,Klaksvik,FO,62.23,-6.59,39.2,93,92,11.41
1547358472,Charters Towers,AU,-20.07,146.27,86.33,58,56,11.56
1547358402,Haines Junction,CA,60.75,-137.51,-20.14,51,44,2.06
1547358703,Corn Island,NI,12.17,-83.04,80.12,100,92,14.36
1547358476,Vestmannaeyjar,IS,63.44,-20.27,32.24,100,36,8.95
1547358838,Jilib,SO,0.49,42.79,84.26,61,0,14.81
1547357400,Navlya,RU,52.83,34.5,26.6,86,90,6.71
1547356800,Kuopio,FI,62.89,27.68,14.0,92,0,8.05
1547358839,Bubaque,GW,11.28,-15.83,77.24,100,12,10.45
1547358391,Sabha,LY,27.03,14.43,21.71,79,0,2.84
1547358839,Abonnema,NG,4.71,6.79,71.57,92,12,3.58
1547358839,Haimen,CN,31.87,121.18,49.07,80,8,7.65
1547355600,Mount Isa,AU,-20.73,139.49,104.0,14,40,19.46
1547357400,Ko Samui,TH,9.54,99.94,86.0,79,20,10.29
1547358840,Biak,ID,-0.91,122.88,87.05,79,12,2.51
1547358840,Opuwo,NA,-18.06,13.84,58.16,48,0,2.51
1547355360,Bethel,US,60.79,-161.76,-0.94,82,90,19.46
1547358841,San Rafael,AR,-34.61,-68.33,58.7,78,64,4.07
1547358842,Sivaki,RU,52.63,126.75,3.08,64,68,3.58
1547355600,Anadyr,RU,64.73,177.51,-14.81,68,0,20.13
1547358842,Tuy Hoa,VN,13.08,109.3,75.08,96,68,12.12
1547356500,Anahuac,US,29.77,-94.68,50.0,71,1,6.93
1547358505,Ankang,CN,32.73,108.99,42.68,61,80,1.79
1547358843,Gornopravdinsk,RU,60.06,69.92,11.81,81,88,9.95
1547355600,Margate,AU,-43.03,147.26,71.6,40,0,18.34
1547358844,Xiangxiang,CN,27.73,112.52,43.94,100,92,8.66
1547355600,Imbituba,BR,-28.24,-48.67,75.2,94,75,2.24
1547357700,Bayshore Gardens,US,27.43,-82.59,68.0,93,1,3.36
1547358845,Pangnirtung,CA,66.15,-65.72,-33.55,60,12,4.03
1547355480,College,US,64.86,-147.8,-11.93,72,75,4.14
1547358845,Kyren,RU,51.68,102.13,0.2,54,32,2.35
1547356500,Oakdale,US,37.77,-120.85,50.0,100,1,5.59
1547357700,Nome,US,30.04,-94.42,48.92,71,1,6.93
1547357700,Valparaiso,US,41.47,-87.06,30.92,92,92,16.11
1547357400,Lasa,CY,34.92,32.53,55.4,71,40,12.75
1547358423,Saldanha,PT,41.42,-6.55,20.9,81,76,3.24
1547358847,Humberto de Campos,BR,-2.6,-43.46,78.95,98,68,7.05
1547358462,Tiznit,MA,29.7,-9.73,45.65,84,0,6.42
1547358847,Chunhuhub,MX,19.59,-88.59,69.23,70,0,2.62
1547355000,Northam,GB,51.04,-4.21,48.2,93,92,17.22
1547358848,Atbasar,KZ,51.81,68.36,9.92,81,36,12.64
1547357400,Granadilla de Abona,ES,28.12,-16.58,66.2,14,20,10.29
1547357400,Dzaoudzi,YT,-12.79,45.27,82.4,83,90,8.05
1547355600,Vila Franca do Campo,PT,37.72,-25.43,59.0,67,75,9.17
1547358487,Puerto Escondido,MX,15.86,-97.07,80.48,100,0,3.85
1547355600,Coihaique,CL,-45.58,-72.07,42.8,81,0,2.24
1547357400,Bereda,ES,43.27,-7.54,46.4,75,0,2.24
1547358850,Almenara,BR,-16.17,-40.69,67.97,90,12,3.06
1547357700,Saint-Philippe,CA,45.36,-73.48,1.4,84,1,2.8
1547358850,Beipiao,CN,41.8,120.76,26.39,33,0,13.91
1547355600,Broken Hill,AU,-31.97,141.45,96.8,13,0,5.82
1547355600,Narathiwat,TH,6.43,101.8,82.4,78,75,8.05
1547358851,Markapur,IN,15.74,79.27,80.93,56,0,7.16
1547358851,Manaure,CO,11.78,-72.45,77.24,96,64,17.67
1547358852,Zelenoborskiy,RU,66.84,32.36,18.83,76,0,7.16
1547358491,Kruisfontein,ZA,-34.0,24.73,67.52,81,0,5.53
1547356800,Nybro,SE,56.75,15.91,33.8,98,80,4.7
1547355600,Kasangulu,CD,-4.59,15.17,73.4,94,20,1.12
1547358853,Bajil,ES,38.23,-2.07,22.61,78,0,4.85
1547354520,Ahualulco,MX,22.4,-101.17,53.6,81,5,9.17
1547357280,Saint Anthony,US,43.97,-111.68,8.06,79,20,4.7
1547355600,Phalaborwa,ZA,-23.95,31.14,73.4,83,8,3.36
1547358467,Longyearbyen,NO,78.22,15.63,1.19,87,44,4.74
1547355600,Nouakchott,MR,18.08,-15.98,55.4,11,0,5.82
1547356800,Manavgat,TR,36.79,31.44,46.4,87,75,8.05
1547358855,Esso,RU,55.93,158.7,1.37,80,0,1.83
1547358855,Gao,ML,16.28,-0.04,54.47,48,24,8.16
1547356800,Lakselv,NO,70.05,24.96,26.6,85,36,20.8
1547358856,Bangolo,CI,7.01,-7.49,70.4,95,8,2.8
1547356260,Havelock,US,34.88,-76.9,46.04,92,90,10.29
1547356800,Bud,NO,62.91,6.91,41.0,86,90,13.87
1547357400,Doha,QA,25.29,51.53,64.4,68,0,3.36
1547357400,Noumea,NC,-22.28,166.46,80.6,78,90,23.04
1547355600,Trat,TH,12.25,102.51,86.0,74,20,4.7
1547358561,Gimli,CA,50.63,-96.99,18.83,92,92,12.68
1547355600,Fortuna,ES,38.18,-1.13,48.2,45,0,13.87
1547355600,Oistins,BB,13.07,-59.53,75.2,73,20,8.05
1547357400,Poum,MK,41.28,20.71,8.6,84,40,5.82
1547358859,Vilhena,BR,-12.74,-60.15,67.34,98,32,2.06
1547358389,Saskylakh,RU,71.97,114.09,-56.68,0,0,4.59
1547358859,Channel-Port aux Basques,CA,47.57,-59.14,31.52,100,80,28.79
1547358447,Komsomolskiy,RU,67.55,63.78,4.88,83,68,14.14
1547355000,Salalah,OM,17.01,54.1,75.2,31,0,12.75
1547358860,Lahat,ID,-3.78,103.55,78.77,96,92,3.29
1547358605,Altamira,BR,-3.2,-52.21,73.73,97,76,2.62
1547358861,Bela,PK,26.23,66.31,58.52,42,0,3.74
1547358861,Bonfim,GY,3.36,-59.84,76.97,67,0,10.29
1547358862,Sangar,RU,63.92,127.47,-23.92,35,36,5.86
1547358444,Namibe,AO,-15.19,12.15,72.65,100,0,6.38
1547355360,Winnemucca,US,40.97,-117.74,30.02,65,1,8.05
1547355600,Taree,AU,-31.91,152.46,84.2,58,0,17.22
1547358863,Rongcheng,CN,37.16,122.42,47.45,56,0,6.04
1547357400,Salinas,US,36.67,-121.66,51.98,87,1,4.63
1547358863,Tymovskoye,RU,50.85,142.66,4.7,76,0,3.29
1547358863,Nazarovo,RU,56.01,90.42,-6.37,72,0,3.74
1547355600,Ekangala,ZA,-25.66,28.73,75.2,78,75,3.36
1547358864,Novorozhdestvenskaya,RU,45.87,39.95,32.6,98,92,1.5
1547358864,Uruzgan,AF,32.93,66.63,21.53,46,0,1.79
1547358865,Dongsheng,CN,29.72,112.52,49.07,86,48,4.74
1547358865,Ambilobe,MG,-13.19,49.05,80.03,100,44,5.3
1547356800,Sola,NO,58.89,5.65,44.6,100,90,6.93
1547355360,Plaster Rock,CA,46.91,-67.4,-2.03,75,1,7.65
1547358866,Lichinga,MZ,-13.3,35.25,70.4,96,88,6.08
1547358866,Nyurba,RU,63.29,118.35,-11.68,76,44,3.8
1547357700,Owasso,US,36.27,-95.86,35.96,85,90,10.29
1547357400,Kununurra,AU,-15.77,128.74,93.2,52,0,4.7
1547355600,Hamilton,CA,43.26,-79.87,21.2,73,90,12.75
1547355600,Hay River,CA,60.82,-115.79,-5.81,70,75,12.75
1547358868,Yangambi,CD,0.77,24.47,73.37,91,68,3.06
1547355600,Fredonia,CO,5.93,-75.67,57.2,100,75,2.24
1547355180,Price,US,39.6,-110.81,21.02,80,1,4.7
1547358869,Husavik,CA,50.56,-96.99,18.83,92,92,12.68
1547358660,Bloomfield,US,40.81,-74.19,33.08,50,90,5.82
1547358869,Igrim,RU,63.19,64.42,10.91,84,68,7.94
1547358870,Manokwari,ID,-0.87,134.08,80.03,100,44,3.51
1547358870,Akdagmadeni,TR,39.66,35.88,14.6,79,48,2.73
1547358870,Sorland,NO,67.67,12.69,34.22,100,76,19.06
1547357400,Balkhash,KZ,46.84,74.98,14.0,92,90,13.42
1547356800,Whitley Bay,GB,55.04,-1.44,51.8,87,75,24.16
1547355600,Saint-Augustin,FR,44.83,-0.61,50.0,93,75,6.93
1547358871,Killam,CA,52.79,-111.86,4.7,48,0,2.91
1547358670,Morondava,MG,-20.3,44.28,84.89,85,20,5.26
1547355600,Kamaishi,JP,39.28,141.86,39.2,44,40,8.05
1547356800,Forio,IT,40.73,13.86,50.0,100,0,2.24
1547358872,Gayeri,BF,12.65,0.49,59.6,38,0,9.06
1547356800,Naantali,FI,60.45,22.03,24.8,100,56,3.36
1547358421,Henties Bay,NA,-22.12,14.28,61.13,100,68,3.06
1547358873,Vryburg,ZA,-26.96,24.73,72.02,25,0,7.31
1547355600,Bosaso,SO,11.28,49.18,75.2,69,0,6.42
1547355600,Port-Cartier,CA,50.03,-66.88,8.6,65,5,5.82
1547358874,Kishtwar,IN,33.31,75.77,24.32,51,44,2.06
1547358874,Lavrentiya,RU,65.58,-170.99,-10.33,89,0,30.13
1547358479,Baculin,PH,7.45,126.58,79.85,88,80,13.2
1547355600,Vidim,CZ,50.47,14.53,37.4,74,0,14.99
1547358454,Atar,MR,20.52,-13.05,51.5,28,0,8.66
1547358875,Marechal Candido Rondon,BR,-24.56,-54.06,74.54,82,24,2.57
1547358483,Tuatapere,NZ,-46.13,167.69,58.07,87,48,5.3
1547358476,Sao Filipe,CV,14.9,-24.5,70.85,100,8,10.07
1547355600,Salta,AR,-24.79,-65.41,66.2,88,75,4.7
1547358876,Mzimba,MW,-11.9,33.6,69.77,85,80,3.8
1547357760,Las Animas,US,38.07,-103.22,33.98,92,75,6.93
1547355000,Narsaq,GL,60.91,-46.05,32.0,86,88,10.29
1547358877,Baracoa,CU,20.35,-74.5,75.98,100,92,14.09
1547356800,Store Heddinge,DK,55.31,12.39,41.0,93,88,13.87
1547358878,Lokosovo,RU,61.13,74.84,2.9,85,92,13.13
1547358413,Aripuana,BR,-9.17,-60.63,74.63,94,68,2.06
1547358878,Muncar,ID,-8.43,114.34,82.37,98,36,1.72
1547355300,Potenza,IT,40.64,15.8,30.2,63,20,23.04
1547356800,Bastia,IT,44.6,8.98,46.4,75,40,5.82
1547355300,Santa Lucia,IT,39.93,9.66,44.6,42,5,16.11
1547358900,Independence,US,39.09,-94.42,32.0,98,92,9.17
1547355600,Alice Springs,AU,-23.7,133.88,109.4,10,0,10.29
1547357700,Madisonville,US,37.33,-87.5,41.0,100,90,8.05
1547356800,Ankara,TR,39.92,32.85,35.6,100,75,4.7
1547358881,Esterhazy,CA,50.65,-102.08,10.55,76,0,8.32
1547358882,Namatanai,PG,-3.66,152.44,82.55,100,68,16.67
1547357700,Lexington,US,38.05,-84.5,37.04,100,90,6.93
1547358882,Lusambo,CD,-4.97,23.44,68.42,100,92,2.84
1547358454,Mersing,MY,2.43,103.84,84.89,77,64,11.41
1547357400,Vinh Long,VN,10.25,105.97,89.6,52,40,8.05
1547357400,Phonhong,LA,18.5,102.42,84.2,54,0,2.24
1547355360,Morro Bay,US,35.37,-120.85,51.98,89,1,3.36
1547355600,Pederneiras,BR,-22.35,-48.78,71.6,100,75,4.7
1547355600,Sioux Lookout,CA,50.1,-91.92,17.6,85,90,6.93
1547358885,Bima,ID,-8.45,118.73,80.75,100,8,3.58
1547357940,Marquette,US,46.54,-87.4,6.98,82,1,7.09
1547355600,Medina,SA,24.47,39.61,62.6,59,0,3.36
1547358508,Turukhansk,RU,65.8,87.96,-17.35,51,76,21.74
1547356200,Colombo,LK,6.93,79.85,82.4,69,75,10.29
1547358886,Gisborne,NZ,-38.66,178.02,68.87,73,32,13.09
1547358414,Dingle,PH,11.0,122.67,84.17,68,20,14.43
1547358886,Muli,IN,22.62,71.45,74.99,53,0,5.26
1547355600,Mahajanga,MG,-15.72,46.32,80.6,83,20,6.93
1547358653,Richards Bay,ZA,-28.77,32.06,75.8,80,0,4.85
1547358598,Albanel,CA,48.88,-72.44,4.43,70,48,6.82
1547358887,Pontes e Lacerda,BR,-15.23,-59.33,71.75,92,44,3.91
1547358888,Kokoda,PG,-8.88,147.74,70.22,85,92,2.28
1547358888,Yinchuan,CN,38.48,106.21,34.13,41,44,4.25
1547358888,Puranpur,IN,28.51,80.15,60.41,93,64,4.41
1547358888,Novaya Igirma,RU,57.14,103.93,-2.95,60,44,9.95
1547358889,Plastun,RU,44.76,136.29,25.22,48,0,1.05
1547357700,Hollins,US,37.35,-79.95,29.3,92,90,5.82
1547358889,Camargo,MX,27.69,-105.17,41.15,80,0,7.27
1547357400,Chekhov,RU,55.14,37.45,17.6,85,75,6.71
1547358439,Batemans Bay,AU,-35.71,150.18,70.22,88,100,5.26
1547358890,Verkhoyansk,RU,67.55,133.39,-52.72,0,8,2.57
1547358890,Chistogorskiy,RU,53.98,87.38,2.72,66,12,3.4
1547358891,Kaeo,NZ,-35.1,173.78,75.17,50,64,7.94
1547358891,Rorvik,NO,64.86,11.24,33.41,100,64,15.93
1547358418,Sao Joao da Barra,BR,-21.64,-41.05,78.68,98,68,12.86
1547357400,Otradnoye,RU,59.77,30.8,23.0,85,20,8.95
1547357400,Sawtell,AU,-30.38,153.1,84.2,61,0,10.29
1547355360,Lahaina,US,20.87,-156.68,73.94,76,90,4.14
1547358893,Hobyo,SO,5.35,48.53,77.78,75,80,19.91
